{
  "Abu Dhabi": {
    "era": "GE_DRS_2022_2025",
    "base_lap_ms": 85528,
    "total_laps": 58,
    "clean_laps": 1937,
    "tyres": {
      "MEDIUM": {
        "theta1": 1.0088222768860076,
        "theta2": 0.09414851186125417,
        "theta3": 0.08490678389805245,
        "theta4": 3.2843244718084272,
        "theta5": 2.0,
        "theta6": 29.005377733745522,
        "n_laps": 507
      },
      "HARD": {
        "theta1": 0.658927770692829,
        "theta2": 0.05,
        "theta3": 0.055052869830769305,
        "theta4": 1.089382567599205,
        "theta5": 0.938174112333723,
        "theta6": 42.55492007775258,
        "n_laps": 1407
      }
    }
  },
  "Australian": {
    "era": "GE_DRS_2022_2025",
    "base_lap_ms": 79053,
    "total_laps": 58,
    "clean_laps": 1585,
    "tyres": {
      "MEDIUM": {
        "theta1": 2.999999999999966,
        "theta2": 0.47951296462595994,
        "theta3": 0.07265369300344371,
        "theta4": 0.0,
        "theta5": 0.8222436452516182,
        "theta6": 36.57777549482461,
        "n_laps": 236
      },
      "HARD": {
        "theta1": 2.9999999999999996,
        "theta2": 0.20172883723310378,
        "theta3": 0.033964202217227325,
        "theta4": 3.5667824249685516e-15,
        "theta5": 0.3365902861351362,
        "theta6": 36.05886820926982,
        "n_laps": 1341
      }
    }
  },
  "Austrian": {
    "era": "GE_DRS_2022_2025",
    "base_lap_ms": 66674,
    "total_laps": 71,
    "clean_laps": 2417,
    "tyres": {
      "MEDIUM": {
        "theta1": 0.2723412558306239,
        "theta2": 0.05000000000000001,
        "theta3": 0.08822960175415423,
        "theta4": 7.602437714638378,
        "theta5": 0.8436014813447694,
        "theta6": 53.49236758089335,
        "n_laps": 1089
      },
      "HARD": {
        "theta1": 0.3474692905204566,
        "theta2": 0.05000000000000001,
        "theta3": 0.07956643134035571,
        "theta4": 5.228762636711081,
        "theta5": 1.550010474294445,
        "theta6": 46.52943681671956,
        "n_laps": 1322
      }
    }
  },
  "Azerbaijan": {
    "era": "GE_DRS_2022_2025",
    "base_lap_ms": 103273,
    "total_laps": 51,
    "clean_laps": 1656,
    "tyres": {
      "MEDIUM": {
        "theta1": 1.7654937996174176,
        "theta2": 0.40049991862257384,
        "theta3": 0.1260480226966874,
        "theta4": 0.5228435159495918,
        "theta5": 0.05,
        "theta6": 21.449318033439766,
        "n_laps": 313
      },
      "HARD": {
        "theta1": 1.7825092325407546,
        "theta2": 0.050000027675601355,
        "theta3": 0.03754609162796339,
        "theta4": 7.999999653782678,
        "theta5": 1.2755897043656848,
        "theta6": 50.97809678346156,
        "n_laps": 1343
      }
    }
  },
  "Bahrain": {
    "era": "GE_DRS_2022_2025",
    "base_lap_ms": 91558,
    "total_laps": 57,
    "clean_laps": 1884,
    "tyres": {
      "SOFT": {
        "theta1": 0.6231896324533109,
        "theta2": 0.05000000000000002,
        "theta3": 0.15157206270503154,
        "theta4": 0.8060622592192452,
        "theta5": 2.0,
        "theta6": 21.321479527575445,
        "n_laps": 645
      },
      "HARD": {
        "theta1": 0.9384666929247704,
        "theta2": 0.05,
        "theta3": 0.1078467778963094,
        "theta4": 0.0,
        "theta5": 1.7316449112412495,
        "theta6": 34.77399561985398,
        "n_laps": 1231
      }
    }
  },
  "Belgian": {
    "era": "GE_DRS_2022_2025",
    "base_lap_ms": 104560,
    "total_laps": 44,
    "clean_laps": 1394,
    "tyres": {
      "SOFT": {
        "theta1": 1.8185463385716178,
        "theta2": 0.05,
        "theta3": 1.2785927305122672e-12,
        "theta4": 3.5779497893563503,
        "theta5": 0.2592800382563783,
        "theta6": 5.000000000007775,
        "n_laps": 357
      },
      "MEDIUM": {
        "theta1": 2.140279526028462,
        "theta2": 0.05000001845570726,
        "theta3": 0.16343799412485466,
        "theta4": 0.0,
        "theta5": 0.22443050193109787,
        "theta6": 59.31298130491423,
        "n_laps": 662
      },
      "HARD": {
        "theta1": 1.01128778383591,
        "theta2": 0.050000000000000024,
        "theta3": 0.0424925855551331,
        "theta4": 5.257982783479858,
        "theta5": 1.3534929163398204,
        "theta6": 45.71548512262499,
        "n_laps": 375
      }
    }
  },
  "British": {
    "era": "GE_DRS_2022_2025",
    "base_lap_ms": 88232,
    "total_laps": 52,
    "clean_laps": 1455,
    "tyres": {
      "SOFT": {
        "theta1": 0.9039682689198442,
        "theta2": 0.05,
        "theta3": 0.056502546395945916,
        "theta4": 1.2796475442798596,
        "theta5": 2.0,
        "theta6": 26.750734455387022,
        "n_laps": 403
      },
      "MEDIUM": {
        "theta1": 2.9365384310074445,
        "theta2": 0.6490847707205186,
        "theta3": 0.12307986743935681,
        "theta4": 0.0,
        "theta5": 0.7609144293974175,
        "theta6": 41.34259063404466,
        "n_laps": 897
      },
      "HARD": {
        "theta1": 0.6383636803089519,
        "theta2": 0.05,
        "theta3": 0.04560168061241314,
        "theta4": 7.914824598561264,
        "theta5": 1.0602088713517122,
        "theta6": 44.10653617531084,
        "n_laps": 155
      }
    }
  },
  "Canadian": {
    "era": "GE_DRS_2022_2025",
    "base_lap_ms": 74188,
    "total_laps": 70,
    "clean_laps": 1281,
    "tyres": {
      "MEDIUM": {
        "theta1": 3.0,
        "theta2": 0.20733842057995372,
        "theta3": 0.0,
        "theta4": 1.7182461033475087,
        "theta5": 0.050000002865361486,
        "theta6": 5.0,
        "n_laps": 480
      },
      "HARD": {
        "theta1": 2.999999999999999,
        "theta2": 0.20554293348135233,
        "theta3": 0.019921007679114196,
        "theta4": 0.5792729748923108,
        "theta5": 2.0,
        "theta6": 14.717311840215956,
        "n_laps": 794
      }
    }
  },
  "Chinese": {
    "era": "GE_DRS_2022_2025",
    "base_lap_ms": 97009,
    "total_laps": 56,
    "clean_laps": 728,
    "tyres": {
      "SOFT": {
        "theta1": 3.0,
        "theta2": 2.0,
        "theta3": 0.11650173125323555,
        "theta4": 0.35623942446424794,
        "theta5": 0.05,
        "theta6": 25.51288286383356,
        "n_laps": 56
      },
      "MEDIUM": {
        "theta1": 0.4611145776546162,
        "theta2": 0.05000000000000068,
        "theta3": 0.08910242822881441,
        "theta4": 2.457708804922438e-17,
        "theta5": 0.10412187876983049,
        "theta6": 29.313033735181357,
        "n_laps": 264
      },
      "HARD": {
        "theta1": 0.4520911086888348,
        "theta2": 0.05,
        "theta3": 0.005954109684527035,
        "theta4": 2.802899388414723,
        "theta5": 0.12938206393035778,
        "theta6": 25.339698668480462,
        "n_laps": 408
      }
    }
  },
  "Dutch": {
    "era": "GE_DRS_2022_2025",
    "base_lap_ms": 72519,
    "total_laps": 72,
    "clean_laps": 2145,
    "tyres": {
      "SOFT": {
        "theta1": 3.0,
        "theta2": 0.09632996806717128,
        "theta3": 0.0,
        "theta4": 1.8648863982352561,
        "theta5": 0.05,
        "theta6": 5.000021378940683,
        "n_laps": 700
      },
      "MEDIUM": {
        "theta1": 2.9999999999992832,
        "theta2": 0.397432520084885,
        "theta3": 0.0665647149750422,
        "theta4": 2.1478209986255536,
        "theta5": 0.9994822242734559,
        "theta6": 44.93105146233308,
        "n_laps": 627
      },
      "HARD": {
        "theta1": 0.7124158589682316,
        "theta2": 0.05,
        "theta3": 0.052351137916041256,
        "theta4": 0.0,
        "theta5": 0.21912775844088397,
        "theta6": 52.782408787960335,
        "n_laps": 818
      }
    }
  },
  "Emilia Romagna": {
    "era": "GE_DRS_2022_2025",
    "base_lap_ms": 77496,
    "total_laps": 63,
    "clean_laps": 1154,
    "tyres": {
      "MEDIUM": {
        "theta1": 3.0,
        "theta2": 1.5258242359373622,
        "theta3": 0.03887746452977812,