{
  "era": "ground_effect_2022plus",
  "compounds": {
    "SOFT": {
      "n_laps": 24593,
      "n_age_bins": 39,
      "max_age_fitted": 40,
      "best_form": "linear",
      "loss_at_age_s": {
        "5": 0.048,
        "10": 0.108,
        "15": 0.169,
        "20": 0.229,
        "25": 0.289,
        "30": 0.35
      },
      "forms": {
        "linear": {
          "coefs": [
            1.394011,
            0.012055
          ],
          "rmse": 0.068,
          "aic": -205.7
        },
        "quadratic": {
          "coefs": [
            1.367494,
            0.016153,
            -0.000118
          ],
          "rmse": 0.0673,
          "aic": -204.5
        },
        "cubic": {
          "coefs": [
            1.412202,
            0.004694,
            0.000624,
            -1.3e-05
          ],
          "rmse": 0.0664,
          "aic": -203.5
        },
        "log": {
          "coefs": [
            1.370538,
            0.792821,
            0.020307
          ],
          "rmse": 0.0675,
          "aic": -204.3
        }
      }
    },
    "MEDIUM": {
      "n_laps": 52276,
      "n_age_bins": 40,
      "max_age_fitted": 40,
      "best_form": "linear",
      "loss_at_age_s": {
        "5": 0.068,
        "10": 0.153,
        "15": 0.238,
        "20": 0.323,
        "25": 0.408,
        "30": 0.493
      },
      "forms": {
        "linear": {
          "coefs": [
            1.309461,
            0.01701
          ],
          "rmse": 0.1072,
          "aic": -174.6
        },
        "quadratic": {
          "coefs": [
            1.327463,
            0.014101,
            8.5e-05
          ],
          "rmse": 0.1069,
          "aic": -172.8
        },
        "cubic": {
          "coefs": [
            1.425386,
            -0.012546,
            0.001843,
            -3.2e-05
          ],
          "rmse": 0.1035,
          "aic": -173.5
        },
        "log": {
          "coefs": [
            1.307744,
            17.294984,
            0.001
          ],
          "rmse": 0.1072,
          "aic": -172.6
        }
      }
    },
    "HARD": {
      "n_laps": 59846,
      "n_age_bins": 39,
      "max_age_fitted": 40,
      "best_form": "quadratic",
      "loss_at_age_s": {
        "5": 0.193,
        "10": 0.406,
        "15": 0.587,
        "20": 0.737,
        "25": 0.855,
        "30": 0.941
      },
      "forms": {
        "linear": {
          "coefs": [
            1.101666,
            0.028233
          ],
          "rmse": 0.0679,
          "aic": -205.8
        },
        "quadratic": {
          "coefs": [
            0.940091,
            0.052019,
            -0.000631
          ],
          "rmse": 0.027,
          "aic": -275.6
        },
        "cubic": {
          "coefs": [
            0.944985,
            0.050764,
            -0.000553,
            -1e-06
          ],
          "rmse": 0.027,
          "aic": -273.7
        },
        "log": {
          "coefs": [
            0.877247,
            0.722688,
            0.108928
          ],
          "rmse": 0.0332,
          "aic": -259.7
        }
      }
    }
  }
}