{
  "era": "ground_effect_2022plus",
  "compounds": {
    "SOFT": {
      "n_laps": 24829,
      "n_age_bins": 39,
      "max_age_fitted": 40,
      "best_form": "linear",
      "loss_at_age_s": {
        "5": 0.05,
        "10": 0.113,
        "15": 0.176,
        "20": 0.239,
        "25": 0.302,
        "30": 0.365
      },
      "forms": {
        "linear": {
          "coefs": [
            1.391781,
            0.012578
          ],
          "rmse": 0.068,
          "aic": -205.6
        },
        "quadratic": {
          "coefs": [
            1.387686,
            0.01321,
            -1.8e-05
          ],
          "rmse": 0.068,
          "aic": -203.6
        },
        "cubic": {
          "coefs": [
            1.44035,
            -0.000278,
            0.000855,
            -1.6e-05
          ],
          "rmse": 0.0668,
          "aic": -203.0
        },
        "log": {
          "coefs": [
            1.388641,
            5.760046,
            0.002269
          ],
          "rmse": 0.068,
          "aic": -203.6
        }
      }
    },
    "MEDIUM": {
      "n_laps": 52881,
      "n_age_bins": 40,
      "max_age_fitted": 40,
      "best_form": "linear",
      "loss_at_age_s": {
        "5": 0.075,
        "10": 0.17,
        "15": 0.264,
        "20": 0.358,
        "25": 0.453,
        "30": 0.547
      },
      "forms": {
        "linear": {
          "coefs": [
            1.292927,
            0.018867
          ],
          "rmse": 0.11,
          "aic": -172.6
        },
        "quadratic": {
          "coefs": [
            1.335316,
            0.012034,
            0.000199
          ],
          "rmse": 0.1087,
          "aic": -171.5
        },
        "cubic": {
          "coefs": [
            1.415347,
            -0.009713,
            0.001631,
            -2.6e-05
          ],
          "rmse": 0.1064,
          "aic": -171.2
        },
        "log": {
          "coefs": [
            1.291087,
            19.17918,
            0.001
          ],
          "rmse": 0.1102,
          "aic": -170.5
        }
      }
    },
    "HARD": {
      "n_laps": 60173,
      "n_age_bins": 39,
      "max_age_fitted": 40,
      "best_form": "quadratic",
      "loss_at_age_s": {
        "5": 0.193,
        "10": 0.408,
        "15": 0.592,
        "20": 0.747,
        "25": 0.871,
        "30": 0.965
      },
      "forms": {
        "linear": {
          "coefs": [
            1.098381,
            0.029222
          ],
          "rmse": 0.0657,
          "aic": -208.4
        },
        "quadratic": {
          "coefs": [
            0.944003,
            0.051953,
            -0.000603
          ],
          "rmse": 0.0278,
          "aic": -273.4
        },
        "cubic": {
          "coefs": [
            0.930937,
            0.055305,
            -0.00081,
            4e-06
          ],
          "rmse": 0.0276,
          "aic": -272.0
        },
        "log": {
          "coefs": [
            0.881005,
            0.776734,
            0.099073
          ],
          "rmse": 0.0313,
          "aic": -264.3
        }
      }
    }
  }
}